,elevation,slope,aspect,hillshade,tri,tpi
elevation,1.0,0.0005855088325323282,-0.00026403989273763635,0.000840966510162348,0.0005924245540433923,0.0023077291131440806
slope,0.0005855088325323282,1.0,-0.0030227924649470542,0.0021684597862543097,-0.0010766666844247259,0.0009284380874592119
aspect,-0.00026403989273763635,-0.0030227924649470542,1.0,-0.0004082137730852488,-0.0010948761939224825,0.0029270284511241974
hillshade,0.000840966510162348,0.0021684597862543097,-0.0004082137730852488,1.0,0.0003987565570502157,0.00252312787189723
tri,0.0005924245540433923,-0.0010766666844247259,-0.0010948761939224825,0.0003987565570502157,1.0,0.0015963067230380004
tpi,0.0023077291131440806,0.0009284380874592119,0.0029270284511241974,0.00252312787189723,0.0015963067230380004,1.0
