{
  "use_sentinel5p": true,
  "val_raw": {
    "roc_auc": 0.8079601321713685,
    "pr_auc": 0.5319215361571705
  },
  "val_calibrated": {
    "roc_auc": 0.8112067117578783,
    "pr_auc": 0.5258771429816604
  },
  "test_raw": {
    "roc_auc": 0.8056863747785961,
    "pr_auc": 0.4984214538848369
  },
  "test_calibrated": {
    "roc_auc": 0.8049886771674511,
    "pr_auc": 0.48948871761165413
  },
  "best_val_pr_auc": 0.5319215361571705,
  "pos_weight": 4.0,
  "seq_dim": 27
}